id,headline
1,"TECH FINANCES GAMES CRYPTO GPU CPU MOVIES MARVEL: An Incredibly Easy Method That Works For All"
2,"10 Tips That Will Make You Influential In TECH FINANCES GAMES CRYPTO GPU CPU MOVIES MARVEL"
3,"How To Get (A) Fabulous TECH FINANCES GAMES CRYPTO GPU CPU MOVIES MARVEL On A Tight Budget"
4,"Here Is A Quick Cure For TECH FINANCES GAMES CRYPTO GPU CPU MOVIES MARVEL"
5,"Secrets To TECH FINANCES GAMES CRYPTO GPU CPU MOVIES MARVEL – Even In This Down Economy"
6,"How To Turn Your TECH FINANCES GAMES CRYPTO GPU CPU MOVIES MARVEL From Zero To Hero"
7,"5 Ways You Can Get More TECH FINANCES GAMES CRYPTO GPU CPU MOVIES MARVEL While Spending Less"
8,"How To Sell TECH FINANCES GAMES CRYPTO GPU CPU MOVIES MARVEL"
9,"How To Save Money with TECH FINANCES GAMES CRYPTO GPU CPU MOVIES MARVEL?"
10,"Why TECH FINANCES GAMES CRYPTO GPU CPU MOVIES MARVEL Succeeds"
11,"27 Ways To Improve TECH FINANCES GAMES CRYPTO GPU CPU MOVIES MARVEL"
12,"Top 3 Ways To Buy A Used TECH FINANCES GAMES CRYPTO GPU CPU MOVIES MARVEL"
13,"Now You Can Have Your TECH FINANCES GAMES CRYPTO GPU CPU MOVIES MARVEL Done Safely"
14,"Essential TECH FINANCES GAMES CRYPTO GPU CPU MOVIES MARVEL Smartphone Apps"
15,"5 Things To Do Immediately About TECH FINANCES GAMES CRYPTO GPU CPU MOVIES MARVEL"
16,"What Can You Do To Save Your TECH FINANCES GAMES CRYPTO GPU CPU MOVIES MARVEL From Destruction By Social Media?"
17,"Why You Really Need (A) TECH FINANCES GAMES CRYPTO GPU CPU MOVIES MARVEL"
18,"Here's A Quick Way To Solve A Problem with TECH FINANCES GAMES CRYPTO GPU CPU MOVIES MARVEL"
19,"SuperEasy Ways To Learn Everything About TECH FINANCES GAMES CRYPTO GPU CPU MOVIES MARVEL"
20,"The A - Z Guide Of TECH FINANCES GAMES CRYPTO GPU CPU MOVIES MARVEL"
21,"The Biggest Lie In TECH FINANCES GAMES CRYPTO GPU CPU MOVIES MARVEL"
22,"Never Lose Your TECH FINANCES GAMES CRYPTO GPU CPU MOVIES MARVEL Again"
23,"Interesting Facts I Bet You Never Knew About TECH FINANCES GAMES CRYPTO GPU CPU MOVIES MARVEL"
24,"TECH FINANCES GAMES CRYPTO GPU CPU MOVIES MARVEL Expert Interview"
25,"Learn Exactly How We Made TECH FINANCES GAMES CRYPTO GPU CPU MOVIES MARVEL Last Month"
26,"Why Everything You Know About TECH FINANCES GAMES CRYPTO GPU CPU MOVIES MARVEL Is A Lie"
27,"The Philosophy Of TECH FINANCES GAMES CRYPTO GPU CPU MOVIES MARVEL"
28,"5 Ways TECH FINANCES GAMES CRYPTO GPU CPU MOVIES MARVEL Will Help You Get More Business"
29,"Death, TECH FINANCES GAMES CRYPTO GPU CPU MOVIES MARVEL And Taxes"
30,"What Alberto Savoia Can Teach You About TECH FINANCES GAMES CRYPTO GPU CPU MOVIES MARVEL"
31,"TECH FINANCES GAMES CRYPTO GPU CPU MOVIES MARVEL Iphone Apps"
32,"5 Romantic TECH FINANCES GAMES CRYPTO GPU CPU MOVIES MARVEL Ideas"
33,"The Secrets To TECH FINANCES GAMES CRYPTO GPU CPU MOVIES MARVEL"
34,"How To Start TECH FINANCES GAMES CRYPTO GPU CPU MOVIES MARVEL With Less Than $100"
35,"What Everyone Must Know About TECH FINANCES GAMES CRYPTO GPU CPU MOVIES MARVEL"
36,"How To Teach TECH FINANCES GAMES CRYPTO GPU CPU MOVIES MARVEL Better Than Anyone Else"
37,"Get Better TECH FINANCES GAMES CRYPTO GPU CPU MOVIES MARVEL Results By Following 3 Simple Steps"
38,"Savvy|Smart|Sexy People Do TECH FINANCES GAMES CRYPTO GPU CPU MOVIES MARVEL :)"
39,"TECH FINANCES GAMES CRYPTO GPU CPU MOVIES MARVEL Strategies For Beginners"
40,"3 Ways Create Better TECH FINANCES GAMES CRYPTO GPU CPU MOVIES MARVEL With The Help Of Your Dog"
41,"Who Else Wants To Enjoy TECH FINANCES GAMES CRYPTO GPU CPU MOVIES MARVEL"
42,"5 Actionable Tips on TECH FINANCES GAMES CRYPTO GPU CPU MOVIES MARVEL And Twitter."
43,"5 Reasons TECH FINANCES GAMES CRYPTO GPU CPU MOVIES MARVEL Is A Waste Of Time"
44,"The Death Of TECH FINANCES GAMES CRYPTO GPU CPU MOVIES MARVEL And How To Avoid It"
45,"If You Want To Be A Winner, Change Your TECH FINANCES GAMES CRYPTO GPU CPU MOVIES MARVEL Philosophy Now!"
46,"Do TECH FINANCES GAMES CRYPTO GPU CPU MOVIES MARVEL Better Than Barack Obama"
47,"The Ugly Truth About TECH FINANCES GAMES CRYPTO GPU CPU MOVIES MARVEL"
48,"How To Make More TECH FINANCES GAMES CRYPTO GPU CPU MOVIES MARVEL By Doing Less"
49,"Now You Can Buy An App That is Really Made For TECH FINANCES GAMES CRYPTO GPU CPU MOVIES MARVEL"
50,"Proof That TECH FINANCES GAMES CRYPTO GPU CPU MOVIES MARVEL Is Exactly What You Are Looking For"
51,"12 Questions Answered About TECH FINANCES GAMES CRYPTO GPU CPU MOVIES MARVEL"
52,"5 Secrets: How To Use TECH FINANCES GAMES CRYPTO GPU CPU MOVIES MARVEL To Create A Successful Business(Product)"
53,"The Quickest & Easiest Way To TECH FINANCES GAMES CRYPTO GPU CPU MOVIES MARVEL"
54,"The Ultimate Guide To TECH FINANCES GAMES CRYPTO GPU CPU MOVIES MARVEL"
55,"Want A Thriving Business? Focus On TECH FINANCES GAMES CRYPTO GPU CPU MOVIES MARVEL!"
56,"Why TECH FINANCES GAMES CRYPTO GPU CPU MOVIES MARVEL Is The Only Skill You Really Need"
57,"I Don't Want To Spend This Much Time On TECH FINANCES GAMES CRYPTO GPU CPU MOVIES MARVEL. How About You?"
58,"TECH FINANCES GAMES CRYPTO GPU CPU MOVIES MARVEL Made Simple - Even Your Kids Can Do It"
59,"7 Rules About TECH FINANCES GAMES CRYPTO GPU CPU MOVIES MARVEL Meant To Be Broken"
60,"Who Else Wants To Be Successful With TECH FINANCES GAMES CRYPTO GPU CPU MOVIES MARVEL"
61,"Avoid The Top 10 TECH FINANCES GAMES CRYPTO GPU CPU MOVIES MARVEL Mistakes"
62,"Your Key To Success: TECH FINANCES GAMES CRYPTO GPU CPU MOVIES MARVEL"
63,"Can You Really Find TECH FINANCES GAMES CRYPTO GPU CPU MOVIES MARVEL (on the Web)?"
64,"Find Out Now, What Should You Do For Fast TECH FINANCES GAMES CRYPTO GPU CPU MOVIES MARVEL?"
65,"At Last, The Secret To TECH FINANCES GAMES CRYPTO GPU CPU MOVIES MARVEL Is Revealed"
66,"Get Rid of TECH FINANCES GAMES CRYPTO GPU CPU MOVIES MARVEL For Good"
67,"How To Make Your TECH FINANCES GAMES CRYPTO GPU CPU MOVIES MARVEL Look Like A Million Bucks"
68,"Stop Wasting Time And Start TECH FINANCES GAMES CRYPTO GPU CPU MOVIES MARVEL"
69,"Winning Tactics For TECH FINANCES GAMES CRYPTO GPU CPU MOVIES MARVEL"
70,"The Single Most Important Thing You Need To Know About TECH FINANCES GAMES CRYPTO GPU CPU MOVIES MARVEL"
71,"The Secret of Successful TECH FINANCES GAMES CRYPTO GPU CPU MOVIES MARVEL"
72,"Who Else Wants To Know The Mystery Behind TECH FINANCES GAMES CRYPTO GPU CPU MOVIES MARVEL?"
73,"The Number One Reason You Should (Do) TECH FINANCES GAMES CRYPTO GPU CPU MOVIES MARVEL"
74,"3 Easy Ways To Make TECH FINANCES GAMES CRYPTO GPU CPU MOVIES MARVEL Faster"
75,"Warning: These 9 Mistakes Will Destroy Your TECH FINANCES GAMES CRYPTO GPU CPU MOVIES MARVEL"
76,"7 Easy Ways To Make TECH FINANCES GAMES CRYPTO GPU CPU MOVIES MARVEL Faster"
77,"The Secret of TECH FINANCES GAMES CRYPTO GPU CPU MOVIES MARVEL"
78,"Fall In Love With TECH FINANCES GAMES CRYPTO GPU CPU MOVIES MARVEL"
79,"A Guide To TECH FINANCES GAMES CRYPTO GPU CPU MOVIES MARVEL At Any Age"
80,"22 Tips To Start Building A TECH FINANCES GAMES CRYPTO GPU CPU MOVIES MARVEL You Always Wanted"
81,"Now You Can Have The TECH FINANCES GAMES CRYPTO GPU CPU MOVIES MARVEL Of Your Dreams – Cheaper/Faster Than You Ever Imagined"
82,"Marriage And TECH FINANCES GAMES CRYPTO GPU CPU MOVIES MARVEL Have More In Common Than You Think"
83,"10 Unforgivable Sins Of TECH FINANCES GAMES CRYPTO GPU CPU MOVIES MARVEL"
84,"Have You Heard? TECH FINANCES GAMES CRYPTO GPU CPU MOVIES MARVEL Is Your Best Bet To Grow"
85,"Where Can You Find Free TECH FINANCES GAMES CRYPTO GPU CPU MOVIES MARVEL Resources"
86,"How To Become Better With TECH FINANCES GAMES CRYPTO GPU CPU MOVIES MARVEL In 10 Minutes"
87,"How I Improved My TECH FINANCES GAMES CRYPTO GPU CPU MOVIES MARVEL In One Easy Lesson"
88,"5 Brilliant Ways To Use TECH FINANCES GAMES CRYPTO GPU CPU MOVIES MARVEL"
89,"TECH FINANCES GAMES CRYPTO GPU CPU MOVIES MARVEL: Do You Really Need It? This Will Help You Decide!"
90,"You Will Thank Us - 10 Tips About TECH FINANCES GAMES CRYPTO GPU CPU MOVIES MARVEL You Need To Know"
91,"10 Secret Things You Didn't Know About TECH FINANCES GAMES CRYPTO GPU CPU MOVIES MARVEL"
92,"The TECH FINANCES GAMES CRYPTO GPU CPU MOVIES MARVEL Mystery Revealed"
93,"Learn Exactly How I Improved TECH FINANCES GAMES CRYPTO GPU CPU MOVIES MARVEL In 2 Days"
94,"Using 7 TECH FINANCES GAMES CRYPTO GPU CPU MOVIES MARVEL Strategies Like The Pros"
95,"Everything You Wanted to Know About TECH FINANCES GAMES CRYPTO GPU CPU MOVIES MARVEL and Were Too Embarrassed to Ask"
96,"Don't Fall For This TECH FINANCES GAMES CRYPTO GPU CPU MOVIES MARVEL Scam"
97,"TECH FINANCES GAMES CRYPTO GPU CPU MOVIES MARVEL: What A Mistake!"
98,"In 10 Minutes, I'll Give You The Truth About TECH FINANCES GAMES CRYPTO GPU CPU MOVIES MARVEL"
99,"Can You Pass The TECH FINANCES GAMES CRYPTO GPU CPU MOVIES MARVEL Test?"
100,"Avoid The Top 10 Mistakes Made By Beginning TECH FINANCES GAMES CRYPTO GPU CPU MOVIES MARVEL"
101,"3 Things Everyone Knows About TECH FINANCES GAMES CRYPTO GPU CPU MOVIES MARVEL That You Don't"
102,"Get The Most Out of TECH FINANCES GAMES CRYPTO GPU CPU MOVIES MARVEL and Facebook"
103,"Read This Controversial Article And Find Out More About TECH FINANCES GAMES CRYPTO GPU CPU MOVIES MARVEL"
104,"What Zombies Can Teach You About TECH FINANCES GAMES CRYPTO GPU CPU MOVIES MARVEL"
105,"Where Is The Best TECH FINANCES GAMES CRYPTO GPU CPU MOVIES MARVEL?"
106,"This Study Will Perfect Your TECH FINANCES GAMES CRYPTO GPU CPU MOVIES MARVEL: Read Or Miss Out"
107,"Why Ignoring TECH FINANCES GAMES CRYPTO GPU CPU MOVIES MARVEL Will Cost You Time and Sales"
108,"Little Known Ways to TECH FINANCES GAMES CRYPTO GPU CPU MOVIES MARVEL"
109,"Best TECH FINANCES GAMES CRYPTO GPU CPU MOVIES MARVEL Android/iPhone Apps"
110,"Double Your Profit With These 5 Tips on TECH FINANCES GAMES CRYPTO GPU CPU MOVIES MARVEL"
111,"Take The Stress Out Of TECH FINANCES GAMES CRYPTO GPU CPU MOVIES MARVEL"
112,"Need More Time? Read These Tips To Eliminate TECH FINANCES GAMES CRYPTO GPU CPU MOVIES MARVEL"
113,"Sexy TECH FINANCES GAMES CRYPTO GPU CPU MOVIES MARVEL"
114,"Top 10 Tips With TECH FINANCES GAMES CRYPTO GPU CPU MOVIES MARVEL"
115,"4 Ways You Can Grow Your Creativity Using TECH FINANCES GAMES CRYPTO GPU CPU MOVIES MARVEL"
116,"How To Handle Every TECH FINANCES GAMES CRYPTO GPU CPU MOVIES MARVEL Challenge With Ease Using These Tips"
117,"How To Win Clients And Influence Markets with TECH FINANCES GAMES CRYPTO GPU CPU MOVIES MARVEL"
118,"3 Tips About TECH FINANCES GAMES CRYPTO GPU CPU MOVIES MARVEL You Can't Afford To Miss"
119,"A Surprising Tool To Help You TECH FINANCES GAMES CRYPTO GPU CPU MOVIES MARVEL"
120,"9 Ridiculous Rules About TECH FINANCES GAMES CRYPTO GPU CPU MOVIES MARVEL"
121,"3 Mistakes In TECH FINANCES GAMES CRYPTO GPU CPU MOVIES MARVEL That Make You Look Dumb"
122,"How To Start A Business With TECH FINANCES GAMES CRYPTO GPU CPU MOVIES MARVEL"
123,"Believe In Your TECH FINANCES GAMES CRYPTO GPU CPU MOVIES MARVEL Skills But Never Stop Improving"
124,"5 Simple Steps To An Effective TECH FINANCES GAMES CRYPTO GPU CPU MOVIES MARVEL Strategy"
125,"Are You Embarrassed By Your TECH FINANCES GAMES CRYPTO GPU CPU MOVIES MARVEL Skills? Here's What To Do"
126,"The Hidden Mystery Behind TECH FINANCES GAMES CRYPTO GPU CPU MOVIES MARVEL"
127,"How To Make Your Product Stand Out With TECH FINANCES GAMES CRYPTO GPU CPU MOVIES MARVEL"
128,"10 Funny TECH FINANCES GAMES CRYPTO GPU CPU MOVIES MARVEL Quotes"
129,"Is TECH FINANCES GAMES CRYPTO GPU CPU MOVIES MARVEL Worth [$] To You?"
130,"How To Learn TECH FINANCES GAMES CRYPTO GPU CPU MOVIES MARVEL"
131,"Never Suffer From TECH FINANCES GAMES CRYPTO GPU CPU MOVIES MARVEL Again"
132,"What Can You Do About TECH FINANCES GAMES CRYPTO GPU CPU MOVIES MARVEL Right Now"
133,"3 Ways You Can Reinvent TECH FINANCES GAMES CRYPTO GPU CPU MOVIES MARVEL Without Looking Like An Amateur"
134,"How I Improved My TECH FINANCES GAMES CRYPTO GPU CPU MOVIES MARVEL In One Day"
135,"TECH FINANCES GAMES CRYPTO GPU CPU MOVIES MARVEL? It's Easy If You Do It Smart"
136,"TECH FINANCES GAMES CRYPTO GPU CPU MOVIES MARVEL Is Crucial To Your Business. Learn Why!"
137,"Use TECH FINANCES GAMES CRYPTO GPU CPU MOVIES MARVEL To Make Someone Fall In Love With You"
138,"101 Ideas For TECH FINANCES GAMES CRYPTO GPU CPU MOVIES MARVEL"
139,"52 Ways To Avoid TECH FINANCES GAMES CRYPTO GPU CPU MOVIES MARVEL Burnout"
140,"3 Ways To Master TECH FINANCES GAMES CRYPTO GPU CPU MOVIES MARVEL Without Breaking A Sweat"
141,"Does TECH FINANCES GAMES CRYPTO GPU CPU MOVIES MARVEL Sometimes Make You Feel Stupid?"
142,"Proof That TECH FINANCES GAMES CRYPTO GPU CPU MOVIES MARVEL Really Works"
143,"Master (Your) TECH FINANCES GAMES CRYPTO GPU CPU MOVIES MARVEL in 5 Minutes A Day"
144,"2 Things You Must Know About TECH FINANCES GAMES CRYPTO GPU CPU MOVIES MARVEL"
145,"Best Make TECH FINANCES GAMES CRYPTO GPU CPU MOVIES MARVEL You Will Read This Year (in 2015)"
146,"Here Is What You Should Do For Your TECH FINANCES GAMES CRYPTO GPU CPU MOVIES MARVEL"
147,"How To Turn TECH FINANCES GAMES CRYPTO GPU CPU MOVIES MARVEL Into Success"
148,"The Lazy Man's Guide To TECH FINANCES GAMES CRYPTO GPU CPU MOVIES MARVEL"
149,"13 Myths About TECH FINANCES GAMES CRYPTO GPU CPU MOVIES MARVEL"
150,"Clear And Unbiased Facts About TECH FINANCES GAMES CRYPTO GPU CPU MOVIES MARVEL (Without All the Hype)"
151,"Why Some People Almost Always Make/Save Money With TECH FINANCES GAMES CRYPTO GPU CPU MOVIES MARVEL"
152,"TECH FINANCES GAMES CRYPTO GPU CPU MOVIES MARVEL Is Essential For Your Success. Read This To Find Out Why"
153,"10 Warning Signs Of Your TECH FINANCES GAMES CRYPTO GPU CPU MOVIES MARVEL Demise"
154,"No More Mistakes With TECH FINANCES GAMES CRYPTO GPU CPU MOVIES MARVEL"
155,"TECH FINANCES GAMES CRYPTO GPU CPU MOVIES MARVEL Your Way To Success"
156,"You Can Thank Us Later - 3 Reasons To Stop Thinking About TECH FINANCES GAMES CRYPTO GPU CPU MOVIES MARVEL"
157,"How To Teach TECH FINANCES GAMES CRYPTO GPU CPU MOVIES MARVEL Like A Pro"
158,"Some People Excel At TECH FINANCES GAMES CRYPTO GPU CPU MOVIES MARVEL And Some Don't - Which One Are You?"
159,"World Class Tools Make TECH FINANCES GAMES CRYPTO GPU CPU MOVIES MARVEL Push Button Easy"
160,"Everything You Wanted to Know About TECH FINANCES GAMES CRYPTO GPU CPU MOVIES MARVEL and Were Afraid To Ask"
161,"Fascinating TECH FINANCES GAMES CRYPTO GPU CPU MOVIES MARVEL Tactics That Can Help Your Business Grow"
162,"Why Most People Will Never Be Great At TECH FINANCES GAMES CRYPTO GPU CPU MOVIES MARVEL"
163,"You Don't Have To Be A Big Corporation To Start TECH FINANCES GAMES CRYPTO GPU CPU MOVIES MARVEL"
164,"How To Take The Headache Out Of TECH FINANCES GAMES CRYPTO GPU CPU MOVIES MARVEL"
165,"Quick and Easy Fix For Your TECH FINANCES GAMES CRYPTO GPU CPU MOVIES MARVEL"
166,"3 Ways To Have (A) More Appealing TECH FINANCES GAMES CRYPTO GPU CPU MOVIES MARVEL"
167,"TECH FINANCES GAMES CRYPTO GPU CPU MOVIES MARVEL Shortcuts - The Easy Way"
168,"The Ultimate Secret Of TECH FINANCES GAMES CRYPTO GPU CPU MOVIES MARVEL"
169,"15 Tips For TECH FINANCES GAMES CRYPTO GPU CPU MOVIES MARVEL Success"
170,"10 Ways To Reinvent Your TECH FINANCES GAMES CRYPTO GPU CPU MOVIES MARVEL"
171,"How To Earn $398/Day Using TECH FINANCES GAMES CRYPTO GPU CPU MOVIES MARVEL"
172,"How To Make Your TECH FINANCES GAMES CRYPTO GPU CPU MOVIES MARVEL Look Amazing In 5 Days"
173,"Find Out How I Cured My TECH FINANCES GAMES CRYPTO GPU CPU MOVIES MARVEL In 2 Days"
174,"The Anthony Robins Guide To TECH FINANCES GAMES CRYPTO GPU CPU MOVIES MARVEL"
175,"What Your Customers Really Think About Your TECH FINANCES GAMES CRYPTO GPU CPU MOVIES MARVEL?"
176,"To People That Want To Start TECH FINANCES GAMES CRYPTO GPU CPU MOVIES MARVEL But Are Affraid To Get Started"
177,"5 Best Ways To Sell TECH FINANCES GAMES CRYPTO GPU CPU MOVIES MARVEL"
178,"Boost Your TECH FINANCES GAMES CRYPTO GPU CPU MOVIES MARVEL With These Tips"
179,"Top 10 Tips To Grow Your TECH FINANCES GAMES CRYPTO GPU CPU MOVIES MARVEL"
180,"Why You Never See TECH FINANCES GAMES CRYPTO GPU CPU MOVIES MARVEL That Actually Works"
181,"15 Unheard Ways To Achieve Greater TECH FINANCES GAMES CRYPTO GPU CPU MOVIES MARVEL"
182,"TECH FINANCES GAMES CRYPTO GPU CPU MOVIES MARVEL And Love Have 4 Things In Common"
183,"These 5 Simple TECH FINANCES GAMES CRYPTO GPU CPU MOVIES MARVEL Tricks Will Pump Up Your Sales Almost Instantly"
184,"Turn Your TECH FINANCES GAMES CRYPTO GPU CPU MOVIES MARVEL Into A High Performing Machine"
185,"Don't Just Sit There! Start TECH FINANCES GAMES CRYPTO GPU CPU MOVIES MARVEL"
186,"9 Ways TECH FINANCES GAMES CRYPTO GPU CPU MOVIES MARVEL Can Make You Invincible"
187,"TECH FINANCES GAMES CRYPTO GPU CPU MOVIES MARVEL: The Samurai Way"
188,"10 Things You Have In Common With TECH FINANCES GAMES CRYPTO GPU CPU MOVIES MARVEL"
189,"The Untold Secret To TECH FINANCES GAMES CRYPTO GPU CPU MOVIES MARVEL In Less Than Ten Minutes"
190,"Old School TECH FINANCES GAMES CRYPTO GPU CPU MOVIES MARVEL"
191,"The Next 3 Things To Immediately Do About TECH FINANCES GAMES CRYPTO GPU CPU MOVIES MARVEL"
192,"5 Brilliant Ways To Teach Your Audience About TECH FINANCES GAMES CRYPTO GPU CPU MOVIES MARVEL"
193,"5 Ways Of TECH FINANCES GAMES CRYPTO GPU CPU MOVIES MARVEL That Can Drive You Bankrupt - Fast!"
194,"How To Buy (A) TECH FINANCES GAMES CRYPTO GPU CPU MOVIES MARVEL On A Tight Budget"
195,"Don't Be Fooled By TECH FINANCES GAMES CRYPTO GPU CPU MOVIES MARVEL"
196,"What You Should Have Asked Your Teachers About TECH FINANCES GAMES CRYPTO GPU CPU MOVIES MARVEL"
197,"How To Quit TECH FINANCES GAMES CRYPTO GPU CPU MOVIES MARVEL In 5 Days"
198,"5 Sexy Ways To Improve Your TECH FINANCES GAMES CRYPTO GPU CPU MOVIES MARVEL"
199,"OMG! The Best TECH FINANCES GAMES CRYPTO GPU CPU MOVIES MARVEL Ever!"
200,"Could This Report Be The Definitive Answer To Your TECH FINANCES GAMES CRYPTO GPU CPU MOVIES MARVEL?"
201,"It's All About (The) TECH FINANCES GAMES CRYPTO GPU CPU MOVIES MARVEL"
202,"10 Best Practices For TECH FINANCES GAMES CRYPTO GPU CPU MOVIES MARVEL"
203,"How We Improved Our TECH FINANCES GAMES CRYPTO GPU CPU MOVIES MARVEL In One Week(Month, Day)"
204,"Being A Star In Your Industry Is A Matter Of TECH FINANCES GAMES CRYPTO GPU CPU MOVIES MARVEL"
205,"The TECH FINANCES GAMES CRYPTO GPU CPU MOVIES MARVEL That Wins Customers"
206,"Cracking The TECH FINANCES GAMES CRYPTO GPU CPU MOVIES MARVEL Code"
207,"Apply These 5 Secret Techniques To Improve TECH FINANCES GAMES CRYPTO GPU CPU MOVIES MARVEL"
208,"If You Do Not (Do)TECH FINANCES GAMES CRYPTO GPU CPU MOVIES MARVEL Now, You Will Hate Yourself Later"
209,"TECH FINANCES GAMES CRYPTO GPU CPU MOVIES MARVEL Works Only Under These Conditions"
210,"The Ultimate Deal On TECH FINANCES GAMES CRYPTO GPU CPU MOVIES MARVEL"
211,"Open The Gates For TECH FINANCES GAMES CRYPTO GPU CPU MOVIES MARVEL By Using These Simple Tips"
212,"Make Your TECH FINANCES GAMES CRYPTO GPU CPU MOVIES MARVELA Reality"
213,"Fast-Track Your TECH FINANCES GAMES CRYPTO GPU CPU MOVIES MARVEL"
214,"Beware The TECH FINANCES GAMES CRYPTO GPU CPU MOVIES MARVEL Scam"
215,"TECH FINANCES GAMES CRYPTO GPU CPU MOVIES MARVEL And Love - How They Are The Same"
216,"10 Ways To Immediately Start Selling TECH FINANCES GAMES CRYPTO GPU CPU MOVIES MARVEL"
217,"The Secret Of TECH FINANCES GAMES CRYPTO GPU CPU MOVIES MARVEL"
218,"How To Find The Right TECH FINANCES GAMES CRYPTO GPU CPU MOVIES MARVEL For Your Specific Product(Service)."
219,"Short Story: The Truth About TECH FINANCES GAMES CRYPTO GPU CPU MOVIES MARVEL"
220,"Revolutionize Your TECH FINANCES GAMES CRYPTO GPU CPU MOVIES MARVEL With These Easy-peasy Tips"
221,"2 Ways You Can Use TECH FINANCES GAMES CRYPTO GPU CPU MOVIES MARVEL To Become Irresistible To Customers"
222,"How To Lose Money With TECH FINANCES GAMES CRYPTO GPU CPU MOVIES MARVEL"
223,"TECH FINANCES GAMES CRYPTO GPU CPU MOVIES MARVEL And The Chuck Norris Effect"
224,"15 Lessons About TECH FINANCES GAMES CRYPTO GPU CPU MOVIES MARVEL You Need To Learn To Succeed"
225,"Congratulations! Your TECH FINANCES GAMES CRYPTO GPU CPU MOVIES MARVEL Is (Are) About To Stop Being Relevant"
226,"TECH FINANCES GAMES CRYPTO GPU CPU MOVIES MARVEL: This Is What Professionals Do"
227,"Should Fixing TECH FINANCES GAMES CRYPTO GPU CPU MOVIES MARVEL Take 60 Steps?"
228,"How To Win Friends And Influence People with TECH FINANCES GAMES CRYPTO GPU CPU MOVIES MARVEL"
229,"The Ultimate Guide To TECH FINANCES GAMES CRYPTO GPU CPU MOVIES MARVEL"
230,"How You Can (Do) TECH FINANCES GAMES CRYPTO GPU CPU MOVIES MARVEL Almost Instantly"
231,"Here Is A Method That Is Helping TECH FINANCES GAMES CRYPTO GPU CPU MOVIES MARVEL"
232,"The Truth Is You Are Not The Only Person Concerned About TECH FINANCES GAMES CRYPTO GPU CPU MOVIES MARVEL"
233,"3 TECH FINANCES GAMES CRYPTO GPU CPU MOVIES MARVEL Secrets You Never Knew"
234,"TECH FINANCES GAMES CRYPTO GPU CPU MOVIES MARVEL - So Simple Even Your Kids Can Do It"
235,"At Last, The Secret To TECH FINANCES GAMES CRYPTO GPU CPU MOVIES MARVEL Is Revealed"
236,"3 Simple Tips For Using TECH FINANCES GAMES CRYPTO GPU CPU MOVIES MARVEL To Get Ahead Your Competition"
237,"What Can Instagramm Teach You About TECH FINANCES GAMES CRYPTO GPU CPU MOVIES MARVEL"
238,"Take 10 Minutes to Get Started With TECH FINANCES GAMES CRYPTO GPU CPU MOVIES MARVEL"
239,"Guaranteed No Stress TECH FINANCES GAMES CRYPTO GPU CPU MOVIES MARVEL"
240,"Best 50 Tips For TECH FINANCES GAMES CRYPTO GPU CPU MOVIES MARVEL"
241,"What Is TECH FINANCES GAMES CRYPTO GPU CPU MOVIES MARVEL and How Does It Work?"
242,"Never Changing TECH FINANCES GAMES CRYPTO GPU CPU MOVIES MARVEL Will Eventually Destroy You"
243,"Sick And Tired Of Doing TECH FINANCES GAMES CRYPTO GPU CPU MOVIES MARVEL The Old Way? Read This"
244,"How To Win Buyers And Influence Sales with TECH FINANCES GAMES CRYPTO GPU CPU MOVIES MARVEL"
245,"How To Deal With(A) Very Bad TECH FINANCES GAMES CRYPTO GPU CPU MOVIES MARVEL"
246,"Why My TECH FINANCES GAMES CRYPTO GPU CPU MOVIES MARVEL Is Better Than Yours"
247,"5 Easy Ways You Can Turn TECH FINANCES GAMES CRYPTO GPU CPU MOVIES MARVEL Into Success"
248,"Fear? Not If You Use TECH FINANCES GAMES CRYPTO GPU CPU MOVIES MARVEL The Right Way!"
249,"5 Ways To Get Through To Your TECH FINANCES GAMES CRYPTO GPU CPU MOVIES MARVEL"
250,"Improve(Increase) Your TECH FINANCES GAMES CRYPTO GPU CPU MOVIES MARVEL In 3 Days"
251,"Picture Your TECH FINANCES GAMES CRYPTO GPU CPU MOVIES MARVEL On Top. Read This And Make It So"
252,"How You Can (Do) TECH FINANCES GAMES CRYPTO GPU CPU MOVIES MARVEL In 24 Hours Or Less For Free"
253,"17 Tricks About TECH FINANCES GAMES CRYPTO GPU CPU MOVIES MARVEL You Wish You Knew Before"
254,"How TECH FINANCES GAMES CRYPTO GPU CPU MOVIES MARVEL Made Me A Better Salesperson"
255,"Get Rid of TECH FINANCES GAMES CRYPTO GPU CPU MOVIES MARVEL Once and For All"
256,"Rules Not To Follow About TECH FINANCES GAMES CRYPTO GPU CPU MOVIES MARVEL"
257,"The Best Way To TECH FINANCES GAMES CRYPTO GPU CPU MOVIES MARVEL"
258,"14 Days To A Better TECH FINANCES GAMES CRYPTO GPU CPU MOVIES MARVEL"
259,"Find A Quick Way To TECH FINANCES GAMES CRYPTO GPU CPU MOVIES MARVEL"
260,"TECH FINANCES GAMES CRYPTO GPU CPU MOVIES MARVEL Is Bound To Make An Impact In Your Business"
261,"There’s Big Money In TECH FINANCES GAMES CRYPTO GPU CPU MOVIES MARVEL"
262,"5 Problems Everyone Has With TECH FINANCES GAMES CRYPTO GPU CPU MOVIES MARVEL – How To Solved Them"
263,"What Everyone Ought To Know About TECH FINANCES GAMES CRYPTO GPU CPU MOVIES MARVEL"
264,"Succeed With TECH FINANCES GAMES CRYPTO GPU CPU MOVIES MARVEL In 24 Hours"
265,"How To Improve At TECH FINANCES GAMES CRYPTO GPU CPU MOVIES MARVEL In 60 Minutes"
266,"Learn To (Do) TECH FINANCES GAMES CRYPTO GPU CPU MOVIES MARVEL Like A Professional"
267,"The Untapped Gold Mine Of TECH FINANCES GAMES CRYPTO GPU CPU MOVIES MARVEL That Virtually No One Knows About"
268,"Want More Money? Start TECH FINANCES GAMES CRYPTO GPU CPU MOVIES MARVEL"
269,"Lies And Damn Lies About TECH FINANCES GAMES CRYPTO GPU CPU MOVIES MARVEL"
270,"The Untold Secret To Mastering TECH FINANCES GAMES CRYPTO GPU CPU MOVIES MARVEL In Just 3 Days"
271,"How To Use TECH FINANCES GAMES CRYPTO GPU CPU MOVIES MARVEL To Desire"
272,"5 Incredibly Useful TECH FINANCES GAMES CRYPTO GPU CPU MOVIES MARVEL Tips For Small Businesses"
273,"11 Methods Of TECH FINANCES GAMES CRYPTO GPU CPU MOVIES MARVEL Domination"
274,"Answered: Your Most Burning Questions About TECH FINANCES GAMES CRYPTO GPU CPU MOVIES MARVEL"
275,"Are You Making These TECH FINANCES GAMES CRYPTO GPU CPU MOVIES MARVEL Mistakes?"
276,"7 and a Half Very Simple Things You Can Do To Save TECH FINANCES GAMES CRYPTO GPU CPU MOVIES MARVEL"
277,"Listen To Your Customers. They Will Tell You All About TECH FINANCES GAMES CRYPTO GPU CPU MOVIES MARVEL"
278,"What Make TECH FINANCES GAMES CRYPTO GPU CPU MOVIES MARVEL Don't Want You To Know"
279,"Want To Step Up Your TECH FINANCES GAMES CRYPTO GPU CPU MOVIES MARVEL? You Need To Read This First"
280,"Secrets To Getting TECH FINANCES GAMES CRYPTO GPU CPU MOVIES MARVEL To Complete Tasks Quickly And Efficiently"
281,"Ho To (Do) TECH FINANCES GAMES CRYPTO GPU CPU MOVIES MARVEL Without Leaving Your Office(House)."
282,"Learn How To Start TECH FINANCES GAMES CRYPTO GPU CPU MOVIES MARVEL"
283,"Remarkable Website - TECH FINANCES GAMES CRYPTO GPU CPU MOVIES MARVEL Will Help You Get There"
284,"If TECH FINANCES GAMES CRYPTO GPU CPU MOVIES MARVEL Is So Terrible, Why Don't Statistics Show It?"
285,"The Truth About TECH FINANCES GAMES CRYPTO GPU CPU MOVIES MARVEL In 3 Minutes"
286,"What You Can Learn From Bill Gates About TECH FINANCES GAMES CRYPTO GPU CPU MOVIES MARVEL"
287,"TECH FINANCES GAMES CRYPTO GPU CPU MOVIES MARVEL Adventures"
288,"Wondering How To Make Your TECH FINANCES GAMES CRYPTO GPU CPU MOVIES MARVEL Rock? Read This!"
289,"Why Most TECH FINANCES GAMES CRYPTO GPU CPU MOVIES MARVEL Fail"
290,"The Lazy Way To TECH FINANCES GAMES CRYPTO GPU CPU MOVIES MARVEL"
291,"The Secrets To Finding World Class Tools For Your TECH FINANCES GAMES CRYPTO GPU CPU MOVIES MARVEL Quickly"
292,"Why TECH FINANCES GAMES CRYPTO GPU CPU MOVIES MARVEL Is No Friend To Small Business"
293,"5 Surefire Ways TECH FINANCES GAMES CRYPTO GPU CPU MOVIES MARVEL Will Drive Your Business Into The Ground"
294,"7 Ways To Keep Your TECH FINANCES GAMES CRYPTO GPU CPU MOVIES MARVEL Growing Without Burning The Midnight Oil"
295,"TECH FINANCES GAMES CRYPTO GPU CPU MOVIES MARVEL Smackdown!"
296,"Got Stuck? Try These Tips To Streamline Your TECH FINANCES GAMES CRYPTO GPU CPU MOVIES MARVEL"
297,"Why I Hate TECH FINANCES GAMES CRYPTO GPU CPU MOVIES MARVEL"
298,"Top 25 Quotes On TECH FINANCES GAMES CRYPTO GPU CPU MOVIES MARVEL"
299,"TECH FINANCES GAMES CRYPTO GPU CPU MOVIES MARVEL An Incredibly Easy Method That Works For All"
300,"3 Ways Twitter Destroyed My TECH FINANCES GAMES CRYPTO GPU CPU MOVIES MARVEL Without Me Noticing"
301,"Is It Time to Talk More About TECH FINANCES GAMES CRYPTO GPU CPU MOVIES MARVEL?"
302,"Where To Start With TECH FINANCES GAMES CRYPTO GPU CPU MOVIES MARVEL?"
303,"Are You Struggling With TECH FINANCES GAMES CRYPTO GPU CPU MOVIES MARVEL? Let's Chat"
304,"Random TECH FINANCES GAMES CRYPTO GPU CPU MOVIES MARVEL Tip"
305,"Introducing The Simple Way To TECH FINANCES GAMES CRYPTO GPU CPU MOVIES MARVEL"
306,"TECH FINANCES GAMES CRYPTO GPU CPU MOVIES MARVEL - It Never Ends, Unless..."
307,"The Etiquette of TECH FINANCES GAMES CRYPTO GPU CPU MOVIES MARVEL"
308,"Street Talk: TECH FINANCES GAMES CRYPTO GPU CPU MOVIES MARVEL"
309,"Attention-grabbing Ways To TECH FINANCES GAMES CRYPTO GPU CPU MOVIES MARVEL"
310,"TECH FINANCES GAMES CRYPTO GPU CPU MOVIES MARVEL: Keep It Simple (And Stupid)"
311,"TECH FINANCES GAMES CRYPTO GPU CPU MOVIES MARVEL Consulting – What The Heck Is That?"
312,"3 More Cool Tools For TECH FINANCES GAMES CRYPTO GPU CPU MOVIES MARVEL"
313,"Arguments For Getting Rid Of TECH FINANCES GAMES CRYPTO GPU CPU MOVIES MARVEL"
314,"TECH FINANCES GAMES CRYPTO GPU CPU MOVIES MARVEL – Lessons Learned From Google"
315,"The Hollistic Aproach To TECH FINANCES GAMES CRYPTO GPU CPU MOVIES MARVEL"
316,"The Advanced Guide To TECH FINANCES GAMES CRYPTO GPU CPU MOVIES MARVEL"
317,"Want More Out Of Your Life? TECH FINANCES GAMES CRYPTO GPU CPU MOVIES MARVEL, TECH FINANCES GAMES CRYPTO GPU CPU MOVIES MARVEL, TECH FINANCES GAMES CRYPTO GPU CPU MOVIES MARVEL!"
318,"The Future Of TECH FINANCES GAMES CRYPTO GPU CPU MOVIES MARVEL"
319,"21 New Age Ways To TECH FINANCES GAMES CRYPTO GPU CPU MOVIES MARVEL"
320,"TECH FINANCES GAMES CRYPTO GPU CPU MOVIES MARVEL - What Can Your Learn From Your Critics"
321,"10 Undeniable Facts About TECH FINANCES GAMES CRYPTO GPU CPU MOVIES MARVEL"
322,"10 Biggest TECH FINANCES GAMES CRYPTO GPU CPU MOVIES MARVEL Mistakes You Can Easily Avoid"
323,"What Do You Want TECH FINANCES GAMES CRYPTO GPU CPU MOVIES MARVEL To Become?"
324,"4 Key Tactics The Pros Use For TECH FINANCES GAMES CRYPTO GPU CPU MOVIES MARVEL"
325,"10 Things I Wish I Knew About TECH FINANCES GAMES CRYPTO GPU CPU MOVIES MARVEL"
326,"Sins Of TECH FINANCES GAMES CRYPTO GPU CPU MOVIES MARVEL"
327,"Don't Waste Time! 5 Facts To Start TECH FINANCES GAMES CRYPTO GPU CPU MOVIES MARVEL"
328,"10 Reasons Your TECH FINANCES GAMES CRYPTO GPU CPU MOVIES MARVEL Is Not What It Should Be"
329,"One Tip To Dramatically Improve You(r) TECH FINANCES GAMES CRYPTO GPU CPU MOVIES MARVEL"
330,"The Most Important Elements Of TECH FINANCES GAMES CRYPTO GPU CPU MOVIES MARVEL"
331,"Are You TECH FINANCES GAMES CRYPTO GPU CPU MOVIES MARVEL The Best You Can? 10 Signs Of Failure"
332,"Building Relationships With TECH FINANCES GAMES CRYPTO GPU CPU MOVIES MARVEL"
333,"What Every TECH FINANCES GAMES CRYPTO GPU CPU MOVIES MARVEL Need To Know About Facebook"
334,"Getting The Best Software To Power Up Your TECH FINANCES GAMES CRYPTO GPU CPU MOVIES MARVEL"
335,"TECH FINANCES GAMES CRYPTO GPU CPU MOVIES MARVEL Stats: These Numbers Are Real"
336,"TECH FINANCES GAMES CRYPTO GPU CPU MOVIES MARVEL Guides And Reports"
337,"100 Lessons Learned From the Pros On TECH FINANCES GAMES CRYPTO GPU CPU MOVIES MARVEL"
338,"Must Have List Of TECH FINANCES GAMES CRYPTO GPU CPU MOVIES MARVEL Networks"
339,"Se7en Worst TECH FINANCES GAMES CRYPTO GPU CPU MOVIES MARVEL Techniques"
340,"The Complete Guide To Understanding TECH FINANCES GAMES CRYPTO GPU CPU MOVIES MARVEL"
341,"Your Weakest Link: Use It To TECH FINANCES GAMES CRYPTO GPU CPU MOVIES MARVEL"
342,"Need More Inspiration With TECH FINANCES GAMES CRYPTO GPU CPU MOVIES MARVEL? Read this!"
343,"Triple Your Results At TECH FINANCES GAMES CRYPTO GPU CPU MOVIES MARVEL In Half The Time"
344,"TECH FINANCES GAMES CRYPTO GPU CPU MOVIES MARVEL It! Lessons From The Oscars"
345,"The 10 Key Elements In TECH FINANCES GAMES CRYPTO GPU CPU MOVIES MARVEL"
346,"Did You Start TECH FINANCES GAMES CRYPTO GPU CPU MOVIES MARVEL For Passion or Money?"
347,"Marketing And TECH FINANCES GAMES CRYPTO GPU CPU MOVIES MARVEL"
348,"Open Mike on TECH FINANCES GAMES CRYPTO GPU CPU MOVIES MARVEL"
349,"How Did We Get There? The History Of TECH FINANCES GAMES CRYPTO GPU CPU MOVIES MARVEL Told Through Tweets"
350,"Five Rookie TECH FINANCES GAMES CRYPTO GPU CPU MOVIES MARVEL Mistakes You Can Fix Today"
351,"Add These 10 Mangets To Your TECH FINANCES GAMES CRYPTO GPU CPU MOVIES MARVEL"
352,"20 TECH FINANCES GAMES CRYPTO GPU CPU MOVIES MARVEL Mistakes You Should Never Make"
353,"50 Best Tweets Of All Time About TECH FINANCES GAMES CRYPTO GPU CPU MOVIES MARVEL"
354,"5 Proven TECH FINANCES GAMES CRYPTO GPU CPU MOVIES MARVEL Techniques"
355,"7 Incredible TECH FINANCES GAMES CRYPTO GPU CPU MOVIES MARVEL Transformations"
356,"Is TECH FINANCES GAMES CRYPTO GPU CPU MOVIES MARVEL Making Me Rich?"
357,"Seductive TECH FINANCES GAMES CRYPTO GPU CPU MOVIES MARVEL"
358,"7 Things I Would Do If I'd Start Again TECH FINANCES GAMES CRYPTO GPU CPU MOVIES MARVEL"
359,"TECH FINANCES GAMES CRYPTO GPU CPU MOVIES MARVEL - What To Do When Rejected"
360,"TECH FINANCES GAMES CRYPTO GPU CPU MOVIES MARVEL Blueprint - Rinse And Repeat"
361,"Will TECH FINANCES GAMES CRYPTO GPU CPU MOVIES MARVEL Ever Die?"
362,"Super Easy Simple Ways The Pros Use To Promote TECH FINANCES GAMES CRYPTO GPU CPU MOVIES MARVEL"
363,"10 Creative Ways You Can Improve Your TECH FINANCES GAMES CRYPTO GPU CPU MOVIES MARVEL"
364,"5 Habits Of Highly Effective TECH FINANCES GAMES CRYPTO GPU CPU MOVIES MARVEL"
365,"TECH FINANCES GAMES CRYPTO GPU CPU MOVIES MARVEL Resources: google.com (website)"
366,"How To Spread The Word About Your TECH FINANCES GAMES CRYPTO GPU CPU MOVIES MARVEL"
367,"7 Strange Facts About TECH FINANCES GAMES CRYPTO GPU CPU MOVIES MARVEL"
368,"To Click Or Not To Click: TECH FINANCES GAMES CRYPTO GPU CPU MOVIES MARVEL And Blogging"
369,"The Consequences Of Failing To TECH FINANCES GAMES CRYPTO GPU CPU MOVIES MARVEL When Launching Your Business"
370,"7 Days To Improving The Way You TECH FINANCES GAMES CRYPTO GPU CPU MOVIES MARVEL"
371,"More on Making a Living Off of TECH FINANCES GAMES CRYPTO GPU CPU MOVIES MARVEL"
372,"How To Be In The Top 10 With TECH FINANCES GAMES CRYPTO GPU CPU MOVIES MARVEL"
373,"TECH FINANCES GAMES CRYPTO GPU CPU MOVIES MARVEL Money Experiment"
374,"TECH FINANCES GAMES CRYPTO GPU CPU MOVIES MARVEL For Money"
375,"2015 Is The Year Of TECH FINANCES GAMES CRYPTO GPU CPU MOVIES MARVEL"
376,"TECH FINANCES GAMES CRYPTO GPU CPU MOVIES MARVEL For Sale – How Much Is Yours Worth?"
377,"3 Reasons Why Having An Excellent TECH FINANCES GAMES CRYPTO GPU CPU MOVIES MARVEL Isn't Enough"
378,"How Much Do You Charge For TECH FINANCES GAMES CRYPTO GPU CPU MOVIES MARVEL"
379,"Must Have Resources For TECH FINANCES GAMES CRYPTO GPU CPU MOVIES MARVEL"
380,"Does Your TECH FINANCES GAMES CRYPTO GPU CPU MOVIES MARVEL Goals Match Your Practices?"
381,"TECH FINANCES GAMES CRYPTO GPU CPU MOVIES MARVEL Gets A Redesign"
382,"TECH FINANCES GAMES CRYPTO GPU CPU MOVIES MARVEL Without Driving Yourself Crazy"
383,"25 Of The Punniest TECH FINANCES GAMES CRYPTO GPU CPU MOVIES MARVEL Puns You Can Find"
384,"Are You TECH FINANCES GAMES CRYPTO GPU CPU MOVIES MARVEL The Right Way? These 5 Tips Will Help You Answer"
385,"How To Find The Time To TECH FINANCES GAMES CRYPTO GPU CPU MOVIES MARVEL On Twitter"
386,"How Google Is Changing How We Approach TECH FINANCES GAMES CRYPTO GPU CPU MOVIES MARVEL"
387,"Strange Facts About TECH FINANCES GAMES CRYPTO GPU CPU MOVIES MARVEL"
388,"The Advantages Of Different Types Of TECH FINANCES GAMES CRYPTO GPU CPU MOVIES MARVEL"
389,"TECH FINANCES GAMES CRYPTO GPU CPU MOVIES MARVEL Changes: 5 Actionable Tips"
390,"Signs You Made A Great Impact On TECH FINANCES GAMES CRYPTO GPU CPU MOVIES MARVEL"
391,"10 Step Checklist for TECH FINANCES GAMES CRYPTO GPU CPU MOVIES MARVEL"
392,"10 Ways to Make Your TECH FINANCES GAMES CRYPTO GPU CPU MOVIES MARVEL Easier"
393,"The 3 Really Obvious Ways To TECH FINANCES GAMES CRYPTO GPU CPU MOVIES MARVEL Better That You Ever Did"
394,"59% Of The Market Is Interested In TECH FINANCES GAMES CRYPTO GPU CPU MOVIES MARVEL"
395,"Successful Stories You Didn’t Know About TECH FINANCES GAMES CRYPTO GPU CPU MOVIES MARVEL"
396,"What $325 Buys You In TECH FINANCES GAMES CRYPTO GPU CPU MOVIES MARVEL"
397,"The Best 5 Examples Of TECH FINANCES GAMES CRYPTO GPU CPU MOVIES MARVEL"
398,"Free Advice On TECH FINANCES GAMES CRYPTO GPU CPU MOVIES MARVEL"
399,"Top 10 Websites To Look For TECH FINANCES GAMES CRYPTO GPU CPU MOVIES MARVEL"
400,"Make The Most Out Of TECH FINANCES GAMES CRYPTO GPU CPU MOVIES MARVEL"
401,"Favorite TECH FINANCES GAMES CRYPTO GPU CPU MOVIES MARVEL Resources For 2015"
402,"Simple Steps To A 10 Minute TECH FINANCES GAMES CRYPTO GPU CPU MOVIES MARVEL"
403,"TECH FINANCES GAMES CRYPTO GPU CPU MOVIES MARVEL Doesn't Have To Be Hard. Read These 9 Tricks Go Get A Head Start."
404,"11 Things Twitter Wants Yout To Forget About TECH FINANCES GAMES CRYPTO GPU CPU MOVIES MARVEL"
405,"Time-tested Ways To TECH FINANCES GAMES CRYPTO GPU CPU MOVIES MARVEL"
406,"10 Effective Ways To Get More Out Of TECH FINANCES GAMES CRYPTO GPU CPU MOVIES MARVEL"
407,"Top 10 YouTube Clips About TECH FINANCES GAMES CRYPTO GPU CPU MOVIES MARVEL"
408,"Crazy TECH FINANCES GAMES CRYPTO GPU CPU MOVIES MARVEL: Lessons From The Pros"
409,"Cats, Dogs and TECH FINANCES GAMES CRYPTO GPU CPU MOVIES MARVEL"
410,"10 Solid Reasons To Avoid TECH FINANCES GAMES CRYPTO GPU CPU MOVIES MARVEL"
411,"5 Ways To Simplify TECH FINANCES GAMES CRYPTO GPU CPU MOVIES MARVEL"
412,"TECH FINANCES GAMES CRYPTO GPU CPU MOVIES MARVEL Abuse - How Not To Do It"
413,"5 Emerging TECH FINANCES GAMES CRYPTO GPU CPU MOVIES MARVEL Trends To Watch In 2016"
414,"TECH FINANCES GAMES CRYPTO GPU CPU MOVIES MARVEL Strategies Revealed"
415,"TECH FINANCES GAMES CRYPTO GPU CPU MOVIES MARVEL Data We Can All Learn From"
416,"Apply Any Of These 10 Secret Techniques To Improve TECH FINANCES GAMES CRYPTO GPU CPU MOVIES MARVEL"
417,"10 Trendy Ways To Improve On TECH FINANCES GAMES CRYPTO GPU CPU MOVIES MARVEL"
418,"The Best Advice You Could Ever Get About TECH FINANCES GAMES CRYPTO GPU CPU MOVIES MARVEL"
419,"12 Ways You Can TECH FINANCES GAMES CRYPTO GPU CPU MOVIES MARVEL Without Investing Too Much Of Your Time"
420,"25 Best Things About TECH FINANCES GAMES CRYPTO GPU CPU MOVIES MARVEL"
421,"5 Stylish Ideas For Your TECH FINANCES GAMES CRYPTO GPU CPU MOVIES MARVEL"
422,"TECH FINANCES GAMES CRYPTO GPU CPU MOVIES MARVEL Conferences"
423,"Take Home Lessons On TECH FINANCES GAMES CRYPTO GPU CPU MOVIES MARVEL"
424,"Secrets About TECH FINANCES GAMES CRYPTO GPU CPU MOVIES MARVEL"
425,"10 Horrible Mistakes To Avoid When You (Do) TECH FINANCES GAMES CRYPTO GPU CPU MOVIES MARVEL"
426,"A New Model For TECH FINANCES GAMES CRYPTO GPU CPU MOVIES MARVEL"
427,"Time Is Running Out! Think About These 10 Ways To Change Your TECH FINANCES GAMES CRYPTO GPU CPU MOVIES MARVEL"
428,"TECH FINANCES GAMES CRYPTO GPU CPU MOVIES MARVEL Explained 101"
429,"TECH FINANCES GAMES CRYPTO GPU CPU MOVIES MARVEL Once, TECH FINANCES GAMES CRYPTO GPU CPU MOVIES MARVEL Twice: 3 Reasons Why You Shouldn't TECH FINANCES GAMES CRYPTO GPU CPU MOVIES MARVEL The Third Time"
430,"Top 5 Books About TECH FINANCES GAMES CRYPTO GPU CPU MOVIES MARVEL"
431,"How I Got Started With TECH FINANCES GAMES CRYPTO GPU CPU MOVIES MARVEL"
432,"TECH FINANCES GAMES CRYPTO GPU CPU MOVIES MARVEL Not Resulting In Financial Prosperity"
433,"What Are The 5 Main Benefits Of TECH FINANCES GAMES CRYPTO GPU CPU MOVIES MARVEL"
434,"Ridiculously Simple Ways To Improve Your TECH FINANCES GAMES CRYPTO GPU CPU MOVIES MARVEL"
435,"TECH FINANCES GAMES CRYPTO GPU CPU MOVIES MARVEL Is Your Worst Enemy. 10 Ways To Defeat It"
436,"Mastering The Way Of TECH FINANCES GAMES CRYPTO GPU CPU MOVIES MARVEL Is Not An Accident - It's An Art"
437,"Free Advice On Profitable TECH FINANCES GAMES CRYPTO GPU CPU MOVIES MARVEL"
438,"The Evolution Of TECH FINANCES GAMES CRYPTO GPU CPU MOVIES MARVEL"
439,"TECH FINANCES GAMES CRYPTO GPU CPU MOVIES MARVEL - Choosing The Right Strategy"
440,"TECH FINANCES GAMES CRYPTO GPU CPU MOVIES MARVEL Review"
441,"TECH FINANCES GAMES CRYPTO GPU CPU MOVIES MARVEL Helps You Achieve Your Dreams"
442,"Take Advantage Of TECH FINANCES GAMES CRYPTO GPU CPU MOVIES MARVEL - Read These 10 Tips"
443,"What Could TECH FINANCES GAMES CRYPTO GPU CPU MOVIES MARVEL Do To Make You Switch?"
444,"20 Places To Get Deals On TECH FINANCES GAMES CRYPTO GPU CPU MOVIES MARVEL"
445,"Welcome to a New Look Of TECH FINANCES GAMES CRYPTO GPU CPU MOVIES MARVEL"
446,"The World's Worst Advice On TECH FINANCES GAMES CRYPTO GPU CPU MOVIES MARVEL"
447,"TECH FINANCES GAMES CRYPTO GPU CPU MOVIES MARVEL Reviewed: What Can One Learn From Other's Mistakes"
448,"How To Make Money From The TECH FINANCES GAMES CRYPTO GPU CPU MOVIES MARVEL Phenomenon"
449,"5 TECH FINANCES GAMES CRYPTO GPU CPU MOVIES MARVEL Issues And How To Solve Them"
450,"9 Easy Ways To TECH FINANCES GAMES CRYPTO GPU CPU MOVIES MARVEL Without Even Thinking About It"
451,"TECH FINANCES GAMES CRYPTO GPU CPU MOVIES MARVEL Hopes and Dreams"
452,"Master The Art Of TECH FINANCES GAMES CRYPTO GPU CPU MOVIES MARVEL With These 3 Tips"
453,"How To Get Discovered With TECH FINANCES GAMES CRYPTO GPU CPU MOVIES MARVEL"
454,"What's Right About TECH FINANCES GAMES CRYPTO GPU CPU MOVIES MARVEL"
455,"How Google Uses TECH FINANCES GAMES CRYPTO GPU CPU MOVIES MARVEL To Grow Bigger"
456,"Dreaming Of TECH FINANCES GAMES CRYPTO GPU CPU MOVIES MARVEL"
457,"TECH FINANCES GAMES CRYPTO GPU CPU MOVIES MARVEL For Dollars"
458,"Understanding TECH FINANCES GAMES CRYPTO GPU CPU MOVIES MARVEL"
459,"15 No Cost Ways To Get More With TECH FINANCES GAMES CRYPTO GPU CPU MOVIES MARVEL"
460,"Solid Reasons To Avoid TECH FINANCES GAMES CRYPTO GPU CPU MOVIES MARVEL"
461,"Believing Any Of These 10 Myths About TECH FINANCES GAMES CRYPTO GPU CPU MOVIES MARVEL Keeps You From Growing"
462,"Advanced TECH FINANCES GAMES CRYPTO GPU CPU MOVIES MARVEL"
463,"22 Very Simple Things You Can Do To Save Time With TECH FINANCES GAMES CRYPTO GPU CPU MOVIES MARVEL"
464,"The Most Common Mistakes People Make With TECH FINANCES GAMES CRYPTO GPU CPU MOVIES MARVEL"
465,"Earning a Six Figure Income From TECH FINANCES GAMES CRYPTO GPU CPU MOVIES MARVEL"
466,"TECH FINANCES GAMES CRYPTO GPU CPU MOVIES MARVEL Promotion 101"
467,"The Ultimate Strategy To TECH FINANCES GAMES CRYPTO GPU CPU MOVIES MARVEL"
468,"Finding Customers With TECH FINANCES GAMES CRYPTO GPU CPU MOVIES MARVEL (Part A,B,C ... )"
469,"Where Will TECH FINANCES GAMES CRYPTO GPU CPU MOVIES MARVEL Be 6 Months From Now?"
470,"TECH FINANCES GAMES CRYPTO GPU CPU MOVIES MARVEL Predictions For 2015"
471,"10 Facts Everyone Should Know About TECH FINANCES GAMES CRYPTO GPU CPU MOVIES MARVEL"
472,"Fears of a Professional TECH FINANCES GAMES CRYPTO GPU CPU MOVIES MARVEL"
473,"Why TECH FINANCES GAMES CRYPTO GPU CPU MOVIES MARVEL Doesn't Work…For Everyone"
474,"7 Facebook Pages To Follow About TECH FINANCES GAMES CRYPTO GPU CPU MOVIES MARVEL"
475,"TECH FINANCES GAMES CRYPTO GPU CPU MOVIES MARVEL: The Easy Way"
476,"Super Useful Tips To Improve TECH FINANCES GAMES CRYPTO GPU CPU MOVIES MARVEL"
477,"TECH FINANCES GAMES CRYPTO GPU CPU MOVIES MARVEL 15 Minutes A Day To Grow Your Business"
478,"3 Guilt Free TECH FINANCES GAMES CRYPTO GPU CPU MOVIES MARVEL Tips"
479,"The Power Of TECH FINANCES GAMES CRYPTO GPU CPU MOVIES MARVEL"
480,"10 Essential Strategies To TECH FINANCES GAMES CRYPTO GPU CPU MOVIES MARVEL"
481,"The No. 1 TECH FINANCES GAMES CRYPTO GPU CPU MOVIES MARVEL Mistake You're Making (and 4 Ways To Fix It)"
482,"21 Effective Ways To Get More Out Of TECH FINANCES GAMES CRYPTO GPU CPU MOVIES MARVEL"
483,"4 Most Common Problems With TECH FINANCES GAMES CRYPTO GPU CPU MOVIES MARVEL"
484,"10 Factors That Affect TECH FINANCES GAMES CRYPTO GPU CPU MOVIES MARVEL"
485,"TECH FINANCES GAMES CRYPTO GPU CPU MOVIES MARVEL Services - How To Do It Right"
486,"TECH FINANCES GAMES CRYPTO GPU CPU MOVIES MARVEL Fears – Death"
487,"TECH FINANCES GAMES CRYPTO GPU CPU MOVIES MARVEL: The Google Strategy"
488,"TECH FINANCES GAMES CRYPTO GPU CPU MOVIES MARVEL And The Art Of Time Management"
489,"3 Short Stories You Didn't Know About TECH FINANCES GAMES CRYPTO GPU CPU MOVIES MARVEL"
490,"10 Shortcuts For TECH FINANCES GAMES CRYPTO GPU CPU MOVIES MARVEL That Gets Your Result In Record Time"
491,"Read This To Change How You TECH FINANCES GAMES CRYPTO GPU CPU MOVIES MARVEL"
492,"My Biggest TECH FINANCES GAMES CRYPTO GPU CPU MOVIES MARVEL Lesson"
493,"A Good TECH FINANCES GAMES CRYPTO GPU CPU MOVIES MARVEL Is..."
494,"Top 10 TECH FINANCES GAMES CRYPTO GPU CPU MOVIES MARVEL Accounts To Follow On Twitter"
495,"TECH FINANCES GAMES CRYPTO GPU CPU MOVIES MARVEL And Other Products"
496,"TECH FINANCES GAMES CRYPTO GPU CPU MOVIES MARVEL - How To Be More Productive?"
497,"TECH FINANCES GAMES CRYPTO GPU CPU MOVIES MARVEL in 2015 – Predictions"
498,"10 DIY TECH FINANCES GAMES CRYPTO GPU CPU MOVIES MARVEL Tips You May Have Missed"
499,"TECH FINANCES GAMES CRYPTO GPU CPU MOVIES MARVEL Explained"
500,"What's Wrong With TECH FINANCES GAMES CRYPTO GPU CPU MOVIES MARVEL"
501,"The World's Best TECH FINANCES GAMES CRYPTO GPU CPU MOVIES MARVEL You Can Actually Buy"
502,"Beware: 10 TECH FINANCES GAMES CRYPTO GPU CPU MOVIES MARVEL Mistakes"
503,"TECH FINANCES GAMES CRYPTO GPU CPU MOVIES MARVEL For Profit"
504,"TECH FINANCES GAMES CRYPTO GPU CPU MOVIES MARVEL Opportunities For Everyone"
505,"The Business Of TECH FINANCES GAMES CRYPTO GPU CPU MOVIES MARVEL"
506,"How To Guide: TECH FINANCES GAMES CRYPTO GPU CPU MOVIES MARVEL Essentials For Beginners"
507,"The Pros And Cons Of TECH FINANCES GAMES CRYPTO GPU CPU MOVIES MARVEL"
508,"9 Super Useful Tips To Improve TECH FINANCES GAMES CRYPTO GPU CPU MOVIES MARVEL"
509,"The Critical Difference Between TECH FINANCES GAMES CRYPTO GPU CPU MOVIES MARVEL and Google"
510,"A Simple Plan For TECH FINANCES GAMES CRYPTO GPU CPU MOVIES MARVEL"
511,"Cash For TECH FINANCES GAMES CRYPTO GPU CPU MOVIES MARVEL"
512,"TECH FINANCES GAMES CRYPTO GPU CPU MOVIES MARVEL Ethics"
513,"TECH FINANCES GAMES CRYPTO GPU CPU MOVIES MARVEL 2.0 - The Next Step"
514,"Mind Blowing Method On TECH FINANCES GAMES CRYPTO GPU CPU MOVIES MARVEL"
515,"Amateurs TECH FINANCES GAMES CRYPTO GPU CPU MOVIES MARVEL But Overlook A Few Simple Things"
516,"The Impact Of TECH FINANCES GAMES CRYPTO GPU CPU MOVIES MARVEL On Your Customers/Followers"
517,"10 Questions On TECH FINANCES GAMES CRYPTO GPU CPU MOVIES MARVEL"
518,"The Ten Commandments Of TECH FINANCES GAMES CRYPTO GPU CPU MOVIES MARVEL"
519,"The #1 TECH FINANCES GAMES CRYPTO GPU CPU MOVIES MARVEL Mistake, Plus 7 More Lessons"
520,"10 Facts Everyone Should Know About TECH FINANCES GAMES CRYPTO GPU CPU MOVIES MARVEL"
521,"10 Mesmerizing Examples Of TECH FINANCES GAMES CRYPTO GPU CPU MOVIES MARVEL"
522,"TECH FINANCES GAMES CRYPTO GPU CPU MOVIES MARVEL Creates Experts"
523,"Extreme TECH FINANCES GAMES CRYPTO GPU CPU MOVIES MARVEL"
524,"Take Advantage Of TECH FINANCES GAMES CRYPTO GPU CPU MOVIES MARVEL - Read These 10 Tips"
525,"Are You Actually Doing Enough TECH FINANCES GAMES CRYPTO GPU CPU MOVIES MARVEL?"
526,"How 5 Stories Will Change The Way You Approach TECH FINANCES GAMES CRYPTO GPU CPU MOVIES MARVEL"
527,"3 Reasons Why Facebook Is The Worst Option For TECH FINANCES GAMES CRYPTO GPU CPU MOVIES MARVEL"
528,"TECH FINANCES GAMES CRYPTO GPU CPU MOVIES MARVEL Report: Statistics and Facts"
529,"These 10 Hacks Will Make You(r) TECH FINANCES GAMES CRYPTO GPU CPU MOVIES MARVEL (Look) Like A Pro"
530,"One Surprisingly Effective Way To TECH FINANCES GAMES CRYPTO GPU CPU MOVIES MARVEL"
531,"Why TECH FINANCES GAMES CRYPTO GPU CPU MOVIES MARVEL Is A Tactic Not A Strategy"
532,"Improve Your TECH FINANCES GAMES CRYPTO GPU CPU MOVIES MARVEL Skills"
533,"TECH FINANCES GAMES CRYPTO GPU CPU MOVIES MARVEL - Pay Attentions To These 10 Signals"
534,"10 Reasons Why You Are Still An Amateur At TECH FINANCES GAMES CRYPTO GPU CPU MOVIES MARVEL"
535,"Can You Spot The A TECH FINANCES GAMES CRYPTO GPU CPU MOVIES MARVEL Pro?"
536,"A Short Course In TECH FINANCES GAMES CRYPTO GPU CPU MOVIES MARVEL"
537,"TECH FINANCES GAMES CRYPTO GPU CPU MOVIES MARVEL: Is Not That Difficult As You Think"
538,"The Business Of TECH FINANCES GAMES CRYPTO GPU CPU MOVIES MARVEL"
539,"10 Tips That Will Change The Way You TECH FINANCES GAMES CRYPTO GPU CPU MOVIES MARVEL"
540,"TECH FINANCES GAMES CRYPTO GPU CPU MOVIES MARVEL The Right Way"
541,"7 Life-Saving Tips About TECH FINANCES GAMES CRYPTO GPU CPU MOVIES MARVEL"
542,"When TECH FINANCES GAMES CRYPTO GPU CPU MOVIES MARVEL Competition is Good"
543,"10 Reasons Why Having An Excellent TECH FINANCES GAMES CRYPTO GPU CPU MOVIES MARVEL Is Not Enough"
544,"TECH FINANCES GAMES CRYPTO GPU CPU MOVIES MARVELLike An Expert. Follow These 5 Steps To Get There"
545,"Thinking About TECH FINANCES GAMES CRYPTO GPU CPU MOVIES MARVEL? 10 Reasons Why It's Time To Stop!"
546,"When Is The Right Time To Start TECH FINANCES GAMES CRYPTO GPU CPU MOVIES MARVEL"
547,"The Biggest Disadvantage Of Using TECH FINANCES GAMES CRYPTO GPU CPU MOVIES MARVEL"
548,"TECH FINANCES GAMES CRYPTO GPU CPU MOVIES MARVEL - Not For Everyone"
549,"25 Questions You Need To Ask About TECH FINANCES GAMES CRYPTO GPU CPU MOVIES MARVEL"
550,"Less = More With TECH FINANCES GAMES CRYPTO GPU CPU MOVIES MARVEL"
551,"TECH FINANCES GAMES CRYPTO GPU CPU MOVIES MARVEL For Dollars Seminar"
552,"TECH FINANCES GAMES CRYPTO GPU CPU MOVIES MARVEL - Are You Prepared For A Good Thing?"
553,"Don't TECH FINANCES GAMES CRYPTO GPU CPU MOVIES MARVEL Unless You Use These 10 Tools"
554,"How to Grow Your TECH FINANCES GAMES CRYPTO GPU CPU MOVIES MARVEL Income"
555,"TECH FINANCES GAMES CRYPTO GPU CPU MOVIES MARVEL Question: Does Size Matter?"
556,"3 Kinds Of TECH FINANCES GAMES CRYPTO GPU CPU MOVIES MARVEL: Which One Will Make The Most Money?"
557,"Who is Your TECH FINANCES GAMES CRYPTO GPU CPU MOVIES MARVEL Customer?"
558,"7 Amazing TECH FINANCES GAMES CRYPTO GPU CPU MOVIES MARVEL Hacks"
559,"How to Create Your TECH FINANCES GAMES CRYPTO GPU CPU MOVIES MARVEL Strategy [Blueprint]"
560,"TECH FINANCES GAMES CRYPTO GPU CPU MOVIES MARVEL! 10 Tricks The Competition Knows, But You Don't"
561,"10 Reasons You Need To Stop Stressing About TECH FINANCES GAMES CRYPTO GPU CPU MOVIES MARVEL"
562,"10 Small Changes That Will Have A Huge Impact On Your TECH FINANCES GAMES CRYPTO GPU CPU MOVIES MARVEL"
563,"Questions For/About TECH FINANCES GAMES CRYPTO GPU CPU MOVIES MARVEL"
564,"10 Awesome Tips About TECH FINANCES GAMES CRYPTO GPU CPU MOVIES MARVEL From Unlikely Websites"
565,"5 Critical Skills To (Do) TECH FINANCES GAMES CRYPTO GPU CPU MOVIES MARVEL Loss Remarkably Well"
566,"Three Quick Ways To Learn TECH FINANCES GAMES CRYPTO GPU CPU MOVIES MARVEL"
567,"15 Creative Ways You Can Improve Your TECH FINANCES GAMES CRYPTO GPU CPU MOVIES MARVEL"
568,"5 Things People Hate About TECH FINANCES GAMES CRYPTO GPU CPU MOVIES MARVEL"
569,"The 5 Secrets To Effective TECH FINANCES GAMES CRYPTO GPU CPU MOVIES MARVEL"
570,"What's New About TECH FINANCES GAMES CRYPTO GPU CPU MOVIES MARVEL"
571,"The Complete Process of TECH FINANCES GAMES CRYPTO GPU CPU MOVIES MARVEL"
572,"10 Lessons You Can Learn From Bing About TECH FINANCES GAMES CRYPTO GPU CPU MOVIES MARVEL"
573,"TECH FINANCES GAMES CRYPTO GPU CPU MOVIES MARVEL Like A Pro With The Help Of These 5 Tips"
574,"10 Ideas About TECH FINANCES GAMES CRYPTO GPU CPU MOVIES MARVEL That Really Work"
575,"TECH FINANCES GAMES CRYPTO GPU CPU MOVIES MARVEL: An Incredibly Easy Method That Works For All"
576,"TECH FINANCES GAMES CRYPTO GPU CPU MOVIES MARVEL - The Six Figure Challenge"
577,"TECH FINANCES GAMES CRYPTO GPU CPU MOVIES MARVEL Cheet Sheet"
578,"The Definitive Guide To TECH FINANCES GAMES CRYPTO GPU CPU MOVIES MARVEL"
579,"TECH FINANCES GAMES CRYPTO GPU CPU MOVIES MARVEL - Relax, It's Play Time!"
580,"Learn How To TECH FINANCES GAMES CRYPTO GPU CPU MOVIES MARVEL Persuasively In 3 Easy Steps"
581,"The Most Common TECH FINANCES GAMES CRYPTO GPU CPU MOVIES MARVEL Debate Isn't As Simple As You May Think"
582,"More on TECH FINANCES GAMES CRYPTO GPU CPU MOVIES MARVEL"
583,"TECH FINANCES GAMES CRYPTO GPU CPU MOVIES MARVEL Etics and Etiquette"
584,"7 Practical Tactics to Turn TECH FINANCES GAMES CRYPTO GPU CPU MOVIES MARVEL Into a Sales Machine"
585,"Easy Steps To TECH FINANCES GAMES CRYPTO GPU CPU MOVIES MARVEL Of Your Dreams"
586,"TECH FINANCES GAMES CRYPTO GPU CPU MOVIES MARVEL - What Do Those Stats Really Mean?"
587,"Top 10 Key Tactics The Pros Use For TECH FINANCES GAMES CRYPTO GPU CPU MOVIES MARVEL"
588,"When TECH FINANCES GAMES CRYPTO GPU CPU MOVIES MARVEL Businesses Grow Too Quickly"
589,"5 Incredible TECH FINANCES GAMES CRYPTO GPU CPU MOVIES MARVEL Examples"
590,"10 Powerful Tips To Help You TECH FINANCES GAMES CRYPTO GPU CPU MOVIES MARVEL Better"
591,"TECH FINANCES GAMES CRYPTO GPU CPU MOVIES MARVEL: Back To Basics"
592,"44 Inspirational Quotes About TECH FINANCES GAMES CRYPTO GPU CPU MOVIES MARVEL"
593,"The World's Most Unusual TECH FINANCES GAMES CRYPTO GPU CPU MOVIES MARVEL"
594,"10 Alternatives To TECH FINANCES GAMES CRYPTO GPU CPU MOVIES MARVEL"
595,"10 Laws Of TECH FINANCES GAMES CRYPTO GPU CPU MOVIES MARVEL"
596,"The Most (and Least) Effective Ideas In TECH FINANCES GAMES CRYPTO GPU CPU MOVIES MARVEL"
597,"8 Ways To TECH FINANCES GAMES CRYPTO GPU CPU MOVIES MARVEL Without Breaking Your Bank"
598,"When Professionals Run Into Problems With TECH FINANCES GAMES CRYPTO GPU CPU MOVIES MARVEL, This Is What They Do"
599,"Why It's Easier To Fail With TECH FINANCES GAMES CRYPTO GPU CPU MOVIES MARVEL Than You Might Think"
600,"Here Are 7 Ways To Better TECH FINANCES GAMES CRYPTO GPU CPU MOVIES MARVEL"